nome,cnpj,inscricao_estadual,data_abertura,site,email,cep,endereco,numero,bairro,cidade,estado,telefone,celular,nome_fantasia
Murilo e Tomás Pizzaria ME,03232143000117,98249168,03/01/2019,www.muriloetomaspizzariame.com.br,cobranca@muriloetomaspizzariame.com.br,22793-144,Rua Olmar da Silveira,567,Barra da Tijuca,Rio de Janeiro,RJ,(21) 3875-7500,(21) 99602-7668,Murilo e Tomás Pizzaria
Lívia e Davi Consultoria Financeira Ltda,30202093000106,44961741,07/12/2019,www.liviaedaviconsultoriafinanceiraltda.com.br,ouvidoria@liviaedaviconsultoriafinanceiraltda.com.br,23040-005,Rua Consolação,456,Campo Grande,Rio de Janeiro,RJ,(21) 2649-8393,(21) 99639-4685,Lívia e Davi
Louise e Mário Pães e Doces ME,17564382000189,156140047,09/06/2019,www.louiseemariopaesedocesme.com.br,pesquisa@louiseemariopaesedocesme.com.br,72871-812,Quadra Quadra 18,261,Nova Vila Guaíra,Valparaíso de Goiás,GO,(61) 3611-7359,(61) 99393-3969,Louise e Mário Pães
Ricardo e Juliana Comercio de Bebidas ME,18228125000139,71455980,21/01/2019,www.ricardoejulianacomerciodebebidasme.com.br,treinamento@ricardoejulianacomerciodebebidasme.com.br,27113-250,Rua José Arlindo,660,Belvedere da Taquara,Barra do Piraí,RJ,(24) 2684-3971,(24) 99474-7769,Ricardo e Juliana Comercio
Caleb e Samuel Limpeza Ltda,28611166000163,109914244,26/07/2019,www.calebesamuellimpezaltda.com.br,producao@calebesamuellimpezaltda.com.br,74370-635,Rua JBC 11,345,Residencial Brasil Central,Goiânia,GO,(62) 2644-8212,(62) 98156-4297,Caleb e Samuel
Raquel e Alice Joalheria ME,89639157000175,111237459,19/08/2019,www.raquelealicejoalheriame.com.br,pesquisa@raquelealicejoalheriame.com.br,72865-081,Quadra Quadra 81,904,Jardim Lago Azul,Novo Gama,GO,(61) 3802-9969,(61) 99464-9862,Raquel e Alice
Maya e Lúcia Consultoria Financeira ME,03903566000111,0709941700184,13/03/2019,www.mayaeluciaconsultoriafinanceirame.com.br,vendas@mayaeluciaconsultoriafinanceirame.com.br,72230-531,Quadra EQNP 8/12 Módulo A,280,Ceilândia Sul (Ceilândia),Brasília,DF,(61) 2598-3203,(61) 98381-3512,Maya e Lúcia
Noah e Mário Consultoria Financeira ME,78407635000103,0737261800128,13/09/2019,www.noahemarioconsultoriafinanceirame.com.br,faleconosco@noahemarioconsultoriafinanceirame.com.br,72007-265,Rua Rua 10 Chácara 150,555,Setor Habitacional Vicente Pires,Brasília,DF,(61) 2970-3058,(61) 98869-1302,Noah e Mário Consultoria
Maya e Elisa Filmagens Ltda,81179063000159,98853820,02/06/2019,www.mayaeelisafilmagensltda.com.br,financeiro@mayaeelisafilmagensltda.com.br,26087-240,Rua Nelson Simões,611,Austin,Nova Iguaçu,RJ,(21) 3897-1908,(21) 99611-9857,Maya Filmagens
Lucca e Kevin Telecomunicações ME,72022142000160,74665179,23/02/2019,www.luccaekevintelecomunicacoesme.com.br,ti@luccaekevintelecomunicacoesme.com.br,24724-060,Rodovia Tronco Norte Fluminense,421,Laranjal,São Gonçalo,RJ,(21) 3795-4617,(21) 98771-8466,Lucca e Kevin
Gabrielly e Sérgio Limpeza ME,00364050000158,53751903,19/04/2019,www.gabriellyesergiolimpezame.com.br,seguranca@gabriellyesergiolimpezame.com.br,22291-090,Avenida João Luís Alves,615,Urca,Rio de Janeiro,RJ,(21) 2671-5561,(21) 99952-8058,Gabrielly Limpeza
Raimunda e Mateus Entulhos ME,16027142000182,73546222,09/06/2019,www.raimundaemateusentulhosme.com.br,orcamento@raimundaemateusentulhosme.com.br,27337-180,Rua dos Figos,580,Moinho de Vento,Barra Mansa,RJ,(24) 2957-1059,(24) 99533-9114,Raimunda Entulhos
Isaac e Giovana Corretores Associados Ltda,70593784000194,0723954300193,07/05/2019,www.isaacegiovanacorretoresassociadosltda.com.br,orcamento@isaacegiovanacorretoresassociadosltda.com.br,72318-500,Quadra QN 402,692,Samambaia Norte (Samambaia),Brasília,DF,(61) 2981-2614,(61) 99377-3602,Isaac e Giovana Corretores
Isis e Isabelle Marcenaria Ltda,16055863000104,0722024500122,27/04/2019,www.isiseisabellemarcenarialtda.com.br,tesouraria@isiseisabellemarcenarialtda.com.br,72621-115,Quadra Quadra 304 Conjunto 14-A,275,Recanto das Emas,Brasília,DF,(61) 3806-4799,(61) 98952-3462,Isis e Isabelle Marcenaria
Leonardo e Gabrielly Locações de Automóveis Ltda,59773543000194,155181840,10/09/2019,www.leonardoegabriellylocacoesdeautomoveisltda.com.br,contato@leonardoegabriellylocacoesdeautomoveisltda.com.br,74923-213,Rua 17 de Janeiro,938,Chácaras São Pedro,Aparecida de Goiânia,GO,(62) 3916-8021,(62) 99846-0891,Leonardo e Gabrielly Locações de Automóveis
Ricardo e Ruan Doces & Salgados ME,24331907000100,0758388800123,25/06/2019,www.ricardoeruandocessalgadosme.com.br,financeiro@ricardoeruandocessalgadosme.com.br,72546-801,Quadra QR 516 Conjunto A,610,Santa Maria,Brasília,DF,(61) 3848-4054,(61) 98775-2161,Ricardo e Ruan
Gustavo e Andreia Marketing ME,72820154000130,100895395,08/09/2019,www.gustavoeandreiamarketingme.com.br,marketing@gustavoeandreiamarketingme.com.br,72859-152,Quadra Quadra 152,489,Mansões de Recreio Estrela Dalva VIII,Luziânia,GO,(61) 2724-8419,(61) 99828-6789,Gustavo e Andreia
Cláudia e Eliane Fotografias Ltda,48517616000160,17198670,09/07/2019,www.claudiaeelianefotografiasltda.com.br,seguranca@claudiaeelianefotografiasltda.com.br,21635-160,Rua Elvio de Moura,335,Ricardo de Albuquerque,Rio de Janeiro,RJ,(21) 2923-6268,(21) 98666-2708,Cláudia e Eliane
Benjamin e Renan Filmagens Ltda,57404640000184,0796435900187,23/07/2019,www.benjaminerenanfilmagensltda.com.br,faleconosco@benjaminerenanfilmagensltda.com.br,72220-286,Quadra QNN 28 Área Especial F,432,Ceilândia Sul (Ceilândia),Brasília,DF,(61) 3938-0034,(61) 99379-4438,Benjamin Filmagens
Marcos Vinicius e Renato Publicidade e Propaganda Ltda,57769121000110,88541863,21/03/2019,www.marcosviniciuserenatopublicidadeepropagandaltda.com.br,qualidade@marcosviniciuserenatopublicidadeepropagandaltda.com.br,21041-590,Rua Celso de Maia Fonseca,590,Manguinhos,Rio de Janeiro,RJ,(21) 2664-7611,(21) 98462-4635,Marcos Vinicius e Renato Publicidade e Propaganda
Laís e Alexandre Padaria ME,23863944000198,54793502,18/11/2019,www.laisealexandrepadariame.com.br,fiscal@laisealexandrepadariame.com.br,25065-280,Rua Aldo Conceição,952,Vila Ouro Preto,Duque de Caxias,RJ,(21) 2891-4788,(21) 98617-6931,Laís e Alexandre Padaria
Levi e Bento Telecomunicações ME,88191551000120,116578378,05/10/2019,www.leviebentotelecomunicacoesme.com.br,sistema@leviebentotelecomunicacoesme.com.br,74335-102,Avenida T 63,563,Anhanguera,Goiânia,GO,(62) 3637-9542,(62) 99571-7900,Levi e Bento
Leonardo e Oliver Joalheria Ltda,72011385000101,54764324,09/10/2019,www.leonardoeoliverjoalherialtda.com.br,qualidade@leonardoeoliverjoalherialtda.com.br,26089-036,Rua A,772,Carlos Sampaio,Nova Iguaçu,RJ,(21) 2901-8113,(21) 98298-1975,Leonardo e Oliver Joalheria
Osvaldo e Gael Financeira Ltda,68096243000109,31889820,22/04/2019,www.osvaldoegaelfinanceiraltda.com.br,juridico@osvaldoegaelfinanceiraltda.com.br,20271-140,Praça Presidente Emílio Garrastazu Médici,796,Maracanã,Rio de Janeiro,RJ,(21) 2965-4115,(21) 98490-3934,Osvaldo e Gael
Analu e Sara Buffet ME,80806720000188,202697460,16/11/2019,www.analuesarabuffetme.com.br,rh@analuesarabuffetme.com.br,74481-740,Alameda Córrego Fundo,272,Residencial Mansões Paraíso,Goiânia,GO,(62) 3867-0606,(62) 98354-4570,Analu Buffet
Anthony e Mariane Pães e Doces Ltda,25307737000182,77812563,09/09/2019,www.anthonyemarianepaesedocesltda.com.br,almoxarifado@anthonyemarianepaesedocesltda.com.br,25630-050,Rua Augusto Severo,292,Morin,Petrópolis,RJ,(24) 3952-5292,(24) 98456-0503,Anthony e Mariane Pães e Doces
Louise e Luna Vidros Ltda,71774274000186,19190609,11/04/2019,www.louiseelunavidrosltda.com.br,contabil@louiseelunavidrosltda.com.br,26463-060,Rua Avelino Silva,498,Parque Luis Gonzaga,Japeri,RJ,(21) 3533-9150,(21) 98505-9910,Louise e Luna Vidros
Caroline e Thomas Lavanderia ME,91553386000114,0768389700103,05/08/2019,www.carolineethomaslavanderiame.com.br,compras@carolineethomaslavanderiame.com.br,71699-660,Quadra Quadra QC 12,221,Jardins Mangueiral (São Sebastião),Brasília,DF,(61) 2837-7809,(61) 99828-8242,Caroline e Thomas
Caleb e Jéssica Marcenaria ME,26608261000182,21818097,21/02/2019,www.calebejessicamarcenariame.com.br,representantes@calebejessicamarcenariame.com.br,22620-070,Rua Deodato de Morais,617,Barra da Tijuca,Rio de Janeiro,RJ,(21) 3862-8857,(21) 98101-5092,Caleb e Jéssica Marcenaria
Louise e Allana Ferragens Ltda,83924687000189,0727372400139,01/10/2019,www.louiseeallanaferragensltda.com.br,financeiro@louiseeallanaferragensltda.com.br,72428-566,Núcleo Rural Casa Grande Módulo 15 MA - 13,899,Ponte Alta (Gama),Brasília,DF,(61) 2572-0143,(61) 99542-6207,Louise Ferragens
Cecília e Marlene Assessoria Jurídica Ltda,54649333000175,209963506,18/12/2019,www.ceciliaemarleneassessoriajuridicaltda.com.br,desenvolvimento@ceciliaemarleneassessoriajuridicaltda.com.br,74730-450,Rua X 13,874,Jardim Brasil,Goiânia,GO,(62) 3639-5560,(62) 99747-1224,Cecília e Marlene Assessoria
Sophia e Luiz Marcenaria Ltda,98250229000189,04112032,25/01/2019,www.sophiaeluizmarcenarialtda.com.br,sac@sophiaeluizmarcenarialtda.com.br,20211-000,Rua Aníbal Benevolo,311,Cidade Nova,Rio de Janeiro,RJ,(21) 3613-0651,(21) 99167-2078,Sophia e Luiz Marcenaria
Julia e Isis Marcenaria ME,44494605000151,103682740,23/08/2019,www.juliaeisismarcenariame.com.br,compras@juliaeisismarcenariame.com.br,74480-540,Rua JC 18 A,409,Jardim Curitiba,Goiânia,GO,(62) 3870-2018,(62) 99138-6830,Julia e Isis Marcenaria
Cauê e Fernanda Entulhos ME,51179376000146,0739609900170,22/09/2019,www.caueefernandaentulhosme.com.br,treinamento@caueefernandaentulhosme.com.br,70068-900,Esplanada dos Ministérios Bloco B,740,Zona Cívico-Administrativa,Brasília,DF,(61) 3819-5264,(61) 99667-4200,Cauê e Fernanda Entulhos
Brenda e Oliver Doces & Salgados Ltda,62628920000106,200479687,15/11/2019,www.brendaeoliverdocessalgadosltda.com.br,contato@brendaeoliverdocessalgadosltda.com.br,74958-410,Alameda Rui Rodrigues de Morais,727,Setor Colonial Sul,Aparecida de Goiânia,GO,(62) 3773-2925,(62) 98446-9039,Brenda e Oliver
Jéssica e Eduardo Financeira ME,36799206000170,0723457200131,04/11/2019,www.jessicaeeduardofinanceirame.com.br,estoque@jessicaeeduardofinanceirame.com.br,72318-216,Quadra QR 406 Conjunto 15,207,Samambaia Norte (Samambaia),Brasília,DF,(61) 3656-3190,(61) 98680-3920,Jéssica Financeira
Cecília e Clarice Transportes ME,68243487000177,150776977,26/06/2019,www.ceciliaeclaricetransportesme.com.br,orcamento@ceciliaeclaricetransportesme.com.br,74633-273,Rua 801,707,Elísio Campos,Goiânia,GO,(62) 3862-3670,(62) 98780-8455,Cecília Transportes
Isabella e Geraldo Informática ME,13062681000164,67760735,23/12/2019,www.isabellaegeraldoinformaticame.com.br,contato@isabellaegeraldoinformaticame.com.br,27971-793,Rua Zeny Pereira,968,Ajuda,Macaé,RJ,(22) 3763-4062,(22) 99165-6602,Isabella Informática
Aparecida e Caio Assessoria Jurídica ME,53618516000160,21645990,21/08/2019,www.aparecidaecaioassessoriajuridicame.com.br,estoque@aparecidaecaioassessoriajuridicame.com.br,21030-200,Rua Santa Cecília,811,Ramos,Rio de Janeiro,RJ,(21) 2906-6762,(21) 98491-6409,Aparecida e Caio Assessoria
Silvana e Rafaela Advocacia ME,45636016000123,49161344,12/11/2019,www.silvanaerafaelaadvocaciame.com.br,marketing@silvanaerafaelaadvocaciame.com.br,24866-108,Rua Alzimiro Jorge Martins,563,Grande Rio (Itambi),Itaboraí,RJ,(21) 2558-0570,(21) 98106-3677,Silvana e Rafaela Advocacia
Francisco e Vinicius Publicidade e Propaganda Ltda,03428095000137,111032237,14/08/2019,www.franciscoeviniciuspublicidadeepropagandaltda.com.br,orcamento@franciscoeviniciuspublicidadeepropagandaltda.com.br,75912-115,Rua 2,256,Serra Dourada,Rio Verde,GO,(64) 3777-4257,(64) 99769-6169,Francisco e Vinicius Publicidade
Rosa e Heloisa Marcenaria Ltda,28739541000155,155320203,18/01/2019,www.rosaeheloisamarcenarialtda.com.br,representantes@rosaeheloisamarcenarialtda.com.br,74805-145,Avenida Olinda,812,Jardim Goiás,Goiânia,GO,(62) 2817-5002,(62) 99360-6525,Rosa e Heloisa Marcenaria
Natália e Betina Padaria Ltda,64548505000178,41461918,18/11/2019,www.nataliaebetinapadarialtda.com.br,ti@nataliaebetinapadarialtda.com.br,23064-240,Rua da Andorinha,602,Inhoaíba,Rio de Janeiro,RJ,(21) 2582-2148,(21) 98709-0022,Natália Padaria
Lorenzo e Nicolas Advocacia Ltda,52483232000141,98066047,16/02/2019,www.lorenzoenicolasadvocacialtda.com.br,auditoria@lorenzoenicolasadvocacialtda.com.br,23097-608,Beco N,253,Campo Grande,Rio de Janeiro,RJ,(21) 2524-8884,(21) 98280-7619,Lorenzo e Nicolas Advocacia
Filipe e Liz Casa Noturna Ltda,54476490000126,79087254,24/10/2019,www.filipeelizcasanoturnaltda.com.br,compras@filipeelizcasanoturnaltda.com.br,25231-260,Avenida Miguel de Lemos,123,Chácaras Rio-Petrópolis,Duque de Caxias,RJ,(21) 2717-8589,(21) 98633-4615,Filipe e Liz Casa
Osvaldo e Kamilly Buffet ME,32491610000121,0754035400130,03/01/2019,www.osvaldoekamillybuffetme.com.br,financeiro@osvaldoekamillybuffetme.com.br,71735-402,Quadra SMPW Quadra 4 Conjunto 2,255,Setor de Mansões Park Way,Brasília,DF,(61) 2597-6060,(61) 98857-8749,Osvaldo e Kamilly
Caleb e Maria Assessoria Jurídica Ltda,73565215000123,200162977,07/12/2019,www.calebemariaassessoriajuridicaltda.com.br,manutencao@calebemariaassessoriajuridicaltda.com.br,72853-403,Quadra Quadra 403,438,Parque Estrela Dalva IX,Luziânia,GO,(61) 3945-8251,(61) 99351-7020,Caleb e Maria Assessoria Jurídica
Marcela e Gustavo Mudanças Ltda,34889562000150,200602063,10/07/2019,www.marcelaegustavomudancasltda.com.br,producao@marcelaegustavomudancasltda.com.br,74780-815,Rua Abel Rodrigues Chaveiro,743,Santo Hilário II,Goiânia,GO,(62) 2725-8731,(62) 98861-1617,Marcela e Gustavo Mudanças
Jorge e Eloá Entregas Expressas ME,37499629000138,0704482500139,26/09/2019,www.jorgeeeloaentregasexpressasme.com.br,contabilidade@jorgeeeloaentregasexpressasme.com.br,70686-425,Quadra SQNW 109 Bloco E,245,Setor Noroeste,Brasília,DF,(61) 3971-0936,(61) 98128-5318,Jorge e Eloá Entregas Expressas
Maria e Luís Padaria ME,14261361000104,81331677,26/02/2019,www.mariaeluispadariame.com.br,vendas@mariaeluispadariame.com.br,23027-520,Caminho Ponta Grossa,772,Pedra de Guaratiba,Rio de Janeiro,RJ,(21) 3700-4585,(21) 98126-4653,Maria Padaria
Aurora e Isadora Locações de Automóveis ME,95877737000101,33197179,15/02/2019,www.auroraeisadoralocacoesdeautomoveisme.com.br,diretoria@auroraeisadoralocacoesdeautomoveisme.com.br,24050-110,Rua Irapuru,442,Ilha da Conceição,Niterói,RJ,(21) 2714-6050,(21) 98119-8617,Aurora e Isadora
Marcos e Melissa Vidros Ltda,64406123000100,37246018,03/12/2019,www.marcosemelissavidrosltda.com.br,financeiro@marcosemelissavidrosltda.com.br,28021-350,Rua Poeta Hermes Fontes,704,Parque Santa Maria,Campos dos Goytacazes,RJ,(22) 3635-1989,(22) 99976-8067,Marcos e Melissa Vidros
João e Priscila Advocacia ME,23626255000160,0791149600168,14/06/2019,www.joaoepriscilaadvocaciame.com.br,administracao@joaoepriscilaadvocaciame.com.br,72504-520,Quadra QR 304 Conjunto T,373,Santa Maria,Brasília,DF,(61) 2707-7468,(61) 98709-4782,João e Priscila Advocacia
Osvaldo e Fátima Esportes Ltda,27502670000162,155376721,01/02/2019,www.osvaldoefatimaesportesltda.com.br,presidencia@osvaldoefatimaesportesltda.com.br,72900-170,Quadra Quadra 79,474,Centro,Santo Antônio do Descoberto,GO,(61) 3550-7160,(61) 99143-2361,Osvaldo e Fátima Esportes
Teresinha e Marcos Vinicius Pizzaria Ltda,60038258000109,81949093,19/11/2019,www.teresinhaemarcosviniciuspizzarialtda.com.br,financeiro@teresinhaemarcosviniciuspizzarialtda.com.br,24350-209,Rua Canajé Malta,137,Piratininga,Niterói,RJ,(21) 2779-9766,(21) 99132-1009,Teresinha e Marcos
Kaique e Laís Corretores Associados ME,16311200000103,93668448,07/04/2019,www.kaiqueelaiscorretoresassociadosme.com.br,ouvidoria@kaiqueelaiscorretoresassociadosme.com.br,27949-456,Rua Toulon,925,Nova Cidade,Macaé,RJ,(22) 2884-2594,(22) 99240-4029,Kaique e Laís
Cauã e Isabelly Casa Noturna ME,66098404000178,0733641400170,10/01/2019,www.cauaeisabellycasanoturname.com.br,tesouraria@cauaeisabellycasanoturname.com.br,72329-213,Quadra QR 433 Conjunto 9-B,623,Samambaia Norte (Samambaia),Brasília,DF,(61) 2808-5446,(61) 98328-5645,Cauã e Isabelly
Marcos Vinicius e Márcia Pizzaria Ltda,66960865000108,0787335200109,04/04/2019,www.marcosviniciusemarciapizzarialtda.com.br,posvenda@marcosviniciusemarciapizzarialtda.com.br,71725-501,Quadra QR 5 Conjunto A,716,Candangolândia,Brasília,DF,(61) 3768-2014,(61) 99643-9550,Marcos Pizzaria
Anderson e Leonardo Gráfica ME,83310682000166,0747607700115,04/07/2019,www.andersoneleonardograficame.com.br,financeiro@andersoneleonardograficame.com.br,70680-412,Quadra QMSW 4 Lote 4,675,Setor Sudoeste,Brasília,DF,(61) 3724-7641,(61) 98870-6195,Anderson Gráfica
Alexandre e Leandro Casa Noturna Ltda,90494455000101,67123743,05/06/2019,www.alexandreeleandrocasanoturnaltda.com.br,fabricacao@alexandreeleandrocasanoturnaltda.com.br,21042-550,Beco da Mocidade,606,Bonsucesso,Rio de Janeiro,RJ,(21) 3826-8607,(21) 98100-1608,Alexandre e Leandro Casa
Manoel e Fernanda Consultoria Financeira ME,07865728000125,85618695,20/12/2019,www.manoelefernandaconsultoriafinanceirame.com.br,vendas@manoelefernandaconsultoriafinanceirame.com.br,26032-661,Rua Geni Saraiva,819,Floresta,Nova Iguaçu,RJ,(21) 3553-0165,(21) 99161-2270,Manoel Financeira
Oliver e Gabrielly Financeira Ltda,09714074000164,68387370,02/08/2019,www.oliveregabriellyfinanceiraltda.com.br,marketing@oliveregabriellyfinanceiraltda.com.br,21060-230,Rua Roberto Silva,167,Ramos,Rio de Janeiro,RJ,(21) 3700-5158,(21) 98379-5860,Oliver e Gabrielly
Rafaela e Tatiane Filmagens ME,41616236000134,0720107200111,19/01/2019,www.rafaelaetatianefilmagensme.com.br,fabricacao@rafaelaetatianefilmagensme.com.br,73368-166,Quadra 4B Conjunto B,169,Arapoanga (Planaltina),Brasília,DF,(61) 2922-9404,(61) 99721-3078,Rafaela e Tatiane
Arthur e Caleb Telecom Ltda,76739173000198,202673120,27/05/2019,www.arthurecalebtelecomltda.com.br,estoque@arthurecalebtelecomltda.com.br,74948-730,Rua Cabo Frio,947,Jardim Himalaia,Aparecida de Goiânia,GO,(62) 2874-3943,(62) 98963-6299,Arthur e Caleb Telecom
Maya e Leonardo Fotografias Ltda,26456800000105,0790615700144,25/09/2019,www.mayaeleonardofotografiasltda.com.br,seguranca@mayaeleonardofotografiasltda.com.br,71539-715,Condomínio Privê II Quadra 4 Conjunto C,970,Setor de Mansões do Lago Norte,Brasília,DF,(61) 2589-8133,(61) 99753-6399,Maya e Leonardo
Tatiane e Miguel Filmagens ME,14795398000104,38437429,06/04/2019,www.tatianeemiguelfilmagensme.com.br,producao@tatianeemiguelfilmagensme.com.br,24348-190,Loteamento Jardim Beira-Mar,445,Itacoatiara,Niterói,RJ,(21) 2707-9405,(21) 98380-2656,Tatiane Filmagens
Rodrigo e Otávio Adega Ltda,14489352000167,208867686,08/10/2019,www.rodrigoeotavioadegaltda.com.br,comunicacoes@rodrigoeotavioadegaltda.com.br,74884-230,Rua PLC 2,116,Park Lozandes,Goiânia,GO,(62) 2622-9465,(62) 98405-8405,Rodrigo e Otávio Adega
Gabriel e Mirella Telecom Ltda,65222827000195,158307810,20/01/2019,www.gabrielemirellatelecomltda.com.br,representantes@gabrielemirellatelecomltda.com.br,72926-618,Quadra Quadra 12,673,Mansões Savana,Águas Lindas de Goiás,GO,(61) 3511-4333,(61) 98524-0299,Gabriel e Mirella
Iago e Clarice Gráfica Ltda,48912739000104,200271350,15/08/2019,www.iagoeclaricegraficaltda.com.br,presidencia@iagoeclaricegraficaltda.com.br,75133-130,Rua 10,959,São João,Anápolis,GO,(62) 2516-7221,(62) 98697-5153,Iago e Clarice Gráfica
Giovanna e Enzo Marketing Ltda,63877439000117,92963403,21/03/2019,www.giovannaeenzomarketingltda.com.br,suporte@giovannaeenzomarketingltda.com.br,27945-090,Rua Maurício de Nassau,901,Jardim Santo Antônio,Macaé,RJ,(22) 3726-5178,(22) 99376-5371,Giovanna Marketing
Márcio e Elias Filmagens ME,20679327000149,41699507,26/06/2019,www.marcioeeliasfilmagensme.com.br,sac@marcioeeliasfilmagensme.com.br,23591-580,Beco Itamorim,957,Curral Falso,Rio de Janeiro,RJ,(21) 2932-2888,(21) 99623-8276,Márcio e Elias
Márcio e Bernardo Lavanderia ME,23805918000103,85198513,13/11/2019,www.marcioebernardolavanderiame.com.br,ti@marcioebernardolavanderiame.com.br,23891-765,Rua Vinte e Cinco,948,Jardim Maracanã,Seropédica,RJ,(21) 2620-4055,(21) 99239-2316,Márcio e Bernardo
Ian e Ayla Vidros Ltda,89848604000104,157935868,06/05/2019,www.ianeaylavidrosltda.com.br,representantes@ianeaylavidrosltda.com.br,74919-785,Rua 6,488,Residencial Cândido Queiroz,Aparecida de Goiânia,GO,(62) 2621-3003,(62) 98565-7399,Ian e Ayla Vidros
Nathan e Lorena Consultoria Financeira Ltda,35435858000163,150072686,09/01/2019,www.nathanelorenaconsultoriafinanceiraltda.com.br,ti@nathanelorenaconsultoriafinanceiraltda.com.br,75703-720,Rua São Camilo,745,Loteamento Vila Cruzeiro II,Catalão,GO,(64) 2641-6289,(64) 98998-0422,Nathan e Lorena Consultoria
Anderson e Luan Transportes ME,82726639000113,0737188800194,04/12/2019,www.andersoneluantransportesme.com.br,tesouraria@andersoneluantransportesme.com.br,71693-129,Rua 26,814,Vila Nova (São Sebastião),Brasília,DF,(61) 2566-2420,(61) 99904-9850,Anderson e Luan Transportes
Alessandra e Ayla Lavanderia Ltda,94910957000119,0743818900197,20/05/2019,www.alessandraeaylalavanderialtda.com.br,atendimento@alessandraeaylalavanderialtda.com.br,71936-500,Rua Manacá,376,Sul (Águas Claras),Brasília,DF,(61) 3537-2709,(61) 98746-2406,Alessandra e Ayla
Eduardo e Emanuelly Entulhos ME,96495755000183,105061271,21/09/2019,www.eduardoeemanuellyentulhosme.com.br,auditoria@eduardoeemanuellyentulhosme.com.br,74926-180,Rua W 83,649,Jardim Colorado,Aparecida de Goiânia,GO,(62) 2568-2705,(62) 98685-1953,Eduardo e Emanuelly
Josefa e Lorenzo Advocacia Ltda,15510967000190,0706626000118,06/09/2019,www.josefaelorenzoadvocacialtda.com.br,treinamento@josefaelorenzoadvocacialtda.com.br,73340-632,Quadra EQ 7 Área Especial 2,500,Jardim Roriz (Planaltina),Brasília,DF,(61) 3786-2124,(61) 99645-5816,Josefa e Lorenzo
Severino e Rita Fotografias Ltda,86403139000100,0780804600182,14/01/2019,www.severinoeritafotografiasltda.com.br,producao@severinoeritafotografiasltda.com.br,72155-802,Quadra QNL 8 Conjunto B,481,Taguatinga Norte (Taguatinga),Brasília,DF,(61) 2860-3264,(61) 99341-9187,Severino e Rita Fotografias
Luan e Sophie Corretores Associados ME,46023671000179,92868729,09/07/2019,www.luanesophiecorretoresassociadosme.com.br,cobranca@luanesophiecorretoresassociadosme.com.br,20299-910,Avenida Presidente Vargas 3131,804,Cidade Nova,Rio de Janeiro,RJ,(21) 2819-8173,(21) 99649-4595,Luan Associados
Alana e Yasmin Contábil ME,29749459000174,118617435,23/10/2019,www.alanaeyasmincontabilme.com.br,presidencia@alanaeyasmincontabilme.com.br,75528-168,Rua Maria Madalena Silva,923,Olinta Soares Guimarães,Itumbiara,GO,(62) 3505-9652,(62) 98321-5924,Alana e Yasmin Contábil
Sandra e Fátima Contábil ME,62716532000187,00916633,03/09/2019,www.sandraefatimacontabilme.com.br,ti@sandraefatimacontabilme.com.br,26276-580,Rua Eugênio Ferreira,515,Jardim Belo Horizonte,Nova Iguaçu,RJ,(21) 3866-1864,(21) 98142-2726,Sandra e Fátima Contábil
Matheus e Andreia Pizzaria ME,39221497000103,155034731,10/04/2019,www.matheuseandreiapizzariame.com.br,producao@matheuseandreiapizzariame.com.br,74767-012,Travessa Xingu,334,Jardim Conquista,Goiânia,GO,(62) 2705-2935,(62) 99832-0144,Matheus Pizzaria
Fernando e Igor Fotografias ME,00619019000110,0795260000109,27/10/2019,www.fernandoeigorfotografiasme.com.br,contato@fernandoeigorfotografiasme.com.br,73403-403,Módulo Módulo 19 Conjunto A,714,Condomínio Mestre D'Armas (Planaltina),Brasília,DF,(61) 3540-1350,(61) 99848-1701,Fernando e Igor Fotografias
Caio e Patrícia Pizzaria Delivery ME,73763337000124,0772501100140,02/07/2019,www.caioepatriciapizzariadeliveryme.com.br,orcamento@caioepatriciapizzariadeliveryme.com.br,72331-404,Quadra QR 609 Conjunto 4,556,Samambaia Norte (Samambaia),Brasília,DF,(61) 3616-0902,(61) 98226-9680,Caio e Patrícia
Aline e Hadassa Padaria ME,67129833000128,0733680400177,13/08/2019,www.alineehadassapadariame.com.br,financeiro@alineehadassapadariame.com.br,71692-416,Quadra Quadra 201 Conjunto 6,512,Setor Residencial Oeste (São Sebastião),Brasília,DF,(61) 2890-0875,(61) 98220-7041,Aline e Hadassa Padaria
Marcelo e Igor Telas Ltda,73763507000170,0797630400153,25/01/2019,www.marceloeigortelasltda.com.br,diretoria@marceloeigortelasltda.com.br,72003-075,Rua Rua 10 Chácara 178,201,Vila São José (Vicente Pires),Brasília,DF,(61) 3578-8436,(61) 98300-7959,Marcelo e Igor Telas
Regina e Ruan Limpeza Ltda,45124368000108,0702054200106,25/09/2019,www.reginaeruanlimpezaltda.com.br,contato@reginaeruanlimpezaltda.com.br,73080-195,Quadra QMS 51A Bloco E,504,Setor de Mansões de Sobradinho,Brasília,DF,(61) 2624-0891,(61) 99491-6609,Regina Limpeza
Manuela e Joana Pizzaria ME,50236425000172,0738218700123,09/02/2019,www.manuelaejoanapizzariame.com.br,sistema@manuelaejoanapizzariame.com.br,72319-546,Quadra QN 403 Conjunto F,498,Samambaia Norte (Samambaia),Brasília,DF,(61) 3632-9614,(61) 99730-8449,Manuela Pizzaria
Vinicius e Leandro Financeira Ltda,23926984000131,106872176,27/01/2019,www.viniciuseleandrofinanceiraltda.com.br,fiscal@viniciuseleandrofinanceiraltda.com.br,74993-740,Rua das Fontes,504,Terra do Sol,Aparecida de Goiânia,GO,(62) 2556-2099,(62) 99244-6184,Vinicius e Leandro
Débora e Melissa Doces & Salgados ME,77438635000108,114514925,26/02/2019,www.deboraemelissadocessalgadosme.com.br,administracao@deboraemelissadocessalgadosme.com.br,75711-600,Rua Manaus,606,Loteamento Jardim Paraíso,Catalão,GO,(64) 3545-5742,(64) 98387-3296,Débora e Melissa
Bento e Olivia Locações de Automóveis ME,15747132000159,73644534,24/08/2019,www.bentoeolivialocacoesdeautomoveisme.com.br,rh@bentoeolivialocacoesdeautomoveisme.com.br,21843-646,Travessa Dona Eldevira,258,Senador Camará,Rio de Janeiro,RJ,(21) 2924-1400,(21) 99318-4143,Bento Automóveis
Martin e Francisca Transportes ME,25640387000171,105588172,16/04/2019,www.martinefranciscatransportesme.com.br,contato@martinefranciscatransportesme.com.br,74940-440,Rua E,769,Itapoã,Aparecida de Goiânia,GO,(62) 2765-0298,(62) 99214-7287,Martin Transportes
Cláudio e Jaqueline Corretores Associados Ltda,53148571000134,0736233800196,04/05/2019,www.claudioejaquelinecorretoresassociadosltda.com.br,sac@claudioejaquelinecorretoresassociadosltda.com.br,70380-970,CRS 514 Bloco B Lojas 53/57,291,Asa Sul,Brasília,DF,(61) 2695-3637,(61) 98562-8448,Cláudio e Jaqueline Corretores
Carla e Enrico Pizzaria Ltda,47147306000139,67626710,15/11/2019,www.carlaeenricopizzarialtda.com.br,fiscal@carlaeenricopizzarialtda.com.br,25900-276,Rua Farmacêutico Deodoro Marçal Pinto,262,Flexeiras,Magé,RJ,(21) 3756-3258,(21) 98407-4356,Carla e Enrico Pizzaria
Nelson e Juan Joalheria ME,19178009000115,0775120700146,24/05/2019,www.nelsonejuanjoalheriame.com.br,qualidade@nelsonejuanjoalheriame.com.br,72338-761,Quadra QR 833 Conjunto 11,244,Samambaia Norte (Samambaia),Brasília,DF,(61) 3981-9433,(61) 98137-3580,Nelson e Juan
Lorenzo e Sérgio Pães e Doces ME,48572664000151,47347955,27/02/2019,www.lorenzoesergiopaesedocesme.com.br,manutencao@lorenzoesergiopaesedocesme.com.br,26450-260,Rua Abrantes,837,Santa Inês,Japeri,RJ,(21) 2696-9292,(21) 98121-6423,Lorenzo e Sérgio Pães e Doces
André e Mateus Pizzaria ME,45208598000147,109951590,27/06/2019,www.andreemateuspizzariame.com.br,financeiro@andreemateuspizzariame.com.br,75085-250,Rua SW 10,815,Vila Norte,Anápolis,GO,(62) 3801-9834,(62) 99102-6412,André Pizzaria
Paulo e Arthur Assessoria Jurídica ME,03020606000187,0753429800199,21/11/2019,www.pauloearthurassessoriajuridicame.com.br,suporte@pauloearthurassessoriajuridicame.com.br,72325-581,Quadra QS 423 Conjunto A,706,Samambaia Norte (Samambaia),Brasília,DF,(61) 2757-1314,(61) 99156-4315,Paulo e Arthur Assessoria Jurídica
Samuel e Luiz Casa Noturna Ltda,06679823000171,157592634,13/11/2019,www.samueleluizcasanoturnaltda.com.br,ti@samueleluizcasanoturnaltda.com.br,75143-535,Rua Francisco Silvério,974,Jardim Suíço,Anápolis,GO,(62) 3746-0280,(62) 99484-7853,Samuel Noturna
Emanuel e Kauê Entregas Expressas Ltda,83077886000107,0755047200172,16/03/2019,www.emanuelekaueentregasexpressasltda.com.br,seguranca@emanuelekaueentregasexpressasltda.com.br,71266-110,Quadra Quadra 2 Conjunto 2,521,Setor Especial (Vila Estrutural - Guará),Brasília,DF,(61) 2877-6121,(61) 99319-8056,Emanuel e Kauê Entregas
Giovanna e Thiago Casa Noturna ME,83582549000169,68270057,19/05/2019,www.giovannaethiagocasanoturname.com.br,producao@giovannaethiagocasanoturname.com.br,22211-140,Rua Antônio Mendes Campos,614,Glória,Rio de Janeiro,RJ,(21) 2920-6547,(21) 98206-9534,Giovanna e Thiago Casa Noturna
Gustavo e André Alimentos Ltda,62369874000178,206699638,01/04/2019,www.gustavoeandrealimentosltda.com.br,financeiro@gustavoeandrealimentosltda.com.br,72887-348,Quadra Quadra 117,157,Mansões Recreio Estrela D'Alva III,Cidade Ocidental,GO,(61) 3565-0432,(61) 99785-0641,Gustavo Alimentos
Ricardo e Bento Eletrônica Ltda,58620432000185,73550440,15/12/2019,www.ricardoebentoeletronicaltda.com.br,rh@ricardoebentoeletronicaltda.com.br,27971-665,Rua Wilson Carlos de Azevedo Dias,364,Ajuda,Macaé,RJ,(22) 3932-7441,(22) 98417-1077,Ricardo e Bento Eletrônica
Camila e Jennifer Marketing Ltda,84827847000134,111542863,01/02/2019,www.camilaejennifermarketingltda.com.br,almoxarifado@camilaejennifermarketingltda.com.br,73753-145,Quadra 8 LE 10,942,Setor Sul,Planaltina,GO,(61) 3908-8661,(61) 98197-3305,Camila e Jennifer
Elias e Anderson Advocacia ME,14278928000147,154381276,22/01/2019,www.eliaseandersonadvocaciame.com.br,cobranca@eliaseandersonadvocaciame.com.br,75044-220,Praça João Salomão,886,Vila São Jorge,Anápolis,GO,(62) 2765-1518,(62) 99980-4354,Elias e Anderson
Manoel e Lara Entulhos Ltda,11361758000171,0706602300120,14/10/2019,www.manoelelaraentulhosltda.com.br,ti@manoelelaraentulhosltda.com.br,73030-031,Quadra Quadra 3 Conjunto A,609,Sobradinho,Brasília,DF,(61) 3848-3712,(61) 98471-7735,Manoel e Lara
Giovana e Bruno Joalheria ME,75192852000127,74886019,05/11/2019,www.giovanaebrunojoalheriame.com.br,sac@giovanaebrunojoalheriame.com.br,25215-295,Rua Frei Monsueto Cone,713,Jardim Primavera,Duque de Caxias,RJ,(21) 2682-1967,(21) 99166-7120,Giovana e Bruno
Mariana e Thiago Fotografias Ltda,40170355000143,95910033,18/06/2019,www.marianaethiagofotografiasltda.com.br,financeiro@marianaethiagofotografiasltda.com.br,25265-230,Rua Ricardo Xavier da Silveira,536,Parada Morabi,Duque de Caxias,RJ,(21) 3620-9691,(21) 98458-1410,Mariana e Thiago Fotografias
Elza e Elaine Construções Ltda,52838400000174,65746409,25/11/2019,www.elzaeelaineconstrucoesltda.com.br,financeiro@elzaeelaineconstrucoesltda.com.br,24755-435,Rua Expedicionário Aldemir Dias Santos,538,Arsenal,São Gonçalo,RJ,(21) 3520-7476,(21) 98428-0565,Elza e Elaine
Melissa e Davi Telas ME,89553525000168,59654527,27/06/2019,www.melissaedavitelasme.com.br,ouvidoria@melissaedavitelasme.com.br,28637-971,"Rua do Posto de Saúde, s/n",995,Campinas,Sumidouro,RJ,(22) 2548-9753,(22) 99125-1502,Melissa e Davi Telas
Valentina e Bruno Pizzaria Delivery Ltda,54561408000161,61897003,18/08/2019,www.valentinaebrunopizzariadeliveryltda.com.br,almoxarifado@valentinaebrunopizzariadeliveryltda.com.br,27945-020,Rua Orlando Farrula,114,Jardim Santo Antônio,Macaé,RJ,(22) 2577-5044,(22) 98160-6774,Valentina Delivery
Alexandre e Antonio Limpeza Ltda,81150309000160,68117658,20/03/2019,www.alexandreeantoniolimpezaltda.com.br,contato@alexandreeantoniolimpezaltda.com.br,26453-290,Rua Gago Coutinho,830,Jardim Transmontano,Japeri,RJ,(21) 2979-5369,(21) 99514-5651,Alexandre e Antonio Limpeza
Edson e Vicente Informática Ltda,65946678000107,0792841100132,19/09/2019,www.edsonevicenteinformaticaltda.com.br,contato@edsonevicenteinformaticaltda.com.br,72621-117,Quadra Quadra 304 Área Especial 15,501,Recanto das Emas,Brasília,DF,(61) 3692-7357,(61) 98713-3526,Edson e Vicente Informática
Vicente e Isabella Informática Ltda,99659982000195,118925814,06/12/2019,www.vicenteeisabellainformaticaltda.com.br,pesquisa@vicenteeisabellainformaticaltda.com.br,74594-037,Rua FN 4,104,Jardim Fonte Nova,Goiânia,GO,(62) 2686-7669,(62) 98281-2525,Vicente Informática
Sophia e Eduarda Buffet Ltda,38717409000104,101520115,14/09/2019,www.sophiaeeduardabuffetltda.com.br,comunicacoes@sophiaeeduardabuffetltda.com.br,74946-280,Rua 123B,688,Jardim Tropical,Aparecida de Goiânia,GO,(62) 2958-5304,(62) 98612-8011,Sophia Buffet
Lorena e Daniel Publicidade e Propaganda ME,46216007000146,66870618,09/10/2019,www.lorenaedanielpublicidadeepropagandame.com.br,comunicacoes@lorenaedanielpublicidadeepropagandame.com.br,20941-340,Rua Exal,351,São Cristóvão,Rio de Janeiro,RJ,(21) 3805-9535,(21) 99720-1233,Lorena e Daniel
César e Emanuelly Telas Ltda,58574763000126,204072352,02/01/2019,www.cesareemanuellytelasltda.com.br,estoque@cesareemanuellytelasltda.com.br,72856-709,Quadra Quadra 709,922,Parque Estrela Dalva X,Luziânia,GO,(61) 3870-2475,(61) 98226-5877,César Telas
Olivia e Camila Pães e Doces ME,67659459000172,10862272,10/08/2019,www.oliviaecamilapaesedocesme.com.br,auditoria@oliviaecamilapaesedocesme.com.br,26113-120,Rua Itacure,315,Bom Pastor,Belford Roxo,RJ,(21) 3816-9366,(21) 98641-1505,Olivia e Camila
Nair e André Fotografias ME,21095020000163,0767010000157,18/10/2019,www.naireandrefotografiasme.com.br,ouvidoria@naireandrefotografiasme.com.br,71698-028,Setor SOF Conjunto 10,257,Bonsucesso (São Sebastião),Brasília,DF,(61) 2700-2266,(61) 99792-9035,Nair Fotografias
Ricardo e Tomás Gráfica ME,80939800000101,100213499,08/01/2019,www.ricardoetomasgraficame.com.br,presidencia@ricardoetomasgraficame.com.br,74830-070,Rua Guaporé,875,Jardim das Esmeraldas,Goiânia,GO,(62) 3993-1364,(62) 98477-2489,Ricardo e Tomás
Andrea e Leonardo Publicidade e Propaganda ME,95524340000128,0718835300142,27/08/2019,www.andreaeleonardopublicidadeepropagandame.com.br,contabil@andreaeleonardopublicidadeepropagandame.com.br,72303-534,Quadra QS 127 Conjunto D,238,Samambaia Sul (Samambaia),Brasília,DF,(61) 2714-7219,(61) 99429-8935,Andrea e Leonardo Publicidade e Propaganda
Luciana e Eduarda Entulhos Ltda,97846389000122,0735546500169,23/04/2019,www.lucianaeeduardaentulhosltda.com.br,administracao@lucianaeeduardaentulhosltda.com.br,70846-080,Quadra SQN 405 Bloco H,685,Asa Norte,Brasília,DF,(61) 2807-3213,(61) 99752-9135,Luciana Entulhos
Sebastiana e Emanuelly Buffet ME,81441953000197,10364809,09/07/2019,www.sebastianaeemanuellybuffetme.com.br,vendas@sebastianaeemanuellybuffetme.com.br,25050-590,Rua Francisco Portela,371,Jardim Gramacho,Duque de Caxias,RJ,(21) 2661-1892,(21) 98869-1583,Sebastiana e Emanuelly Buffet
Marcelo e Raul Marcenaria Ltda,98599596000192,55746540,12/04/2019,www.marceloeraulmarcenarialtda.com.br,producao@marceloeraulmarcenarialtda.com.br,21211-790,Rua Padre Manuel Viegas,972,Braz de Pina,Rio de Janeiro,RJ,(21) 2777-0275,(21) 99209-8962,Marcelo e Raul Marcenaria
Ruan e Paulo Alimentos ME,28222700000140,0733610700180,02/02/2019,www.ruanepauloalimentosme.com.br,cobranca@ruanepauloalimentosme.com.br,70675-209,Quadra QRSW 2 Bloco A-9,324,Setor Sudoeste,Brasília,DF,(61) 2771-4521,(61) 99787-5673,Ruan e Paulo Alimentos
Giovanna e Eliane Pizzaria ME,13491031000134,69379877,24/08/2019,www.giovannaeelianepizzariame.com.br,orcamento@giovannaeelianepizzariame.com.br,26210-090,Rua Alberto Cocoza,633,Centro,Nova Iguaçu,RJ,(21) 3818-3053,(21) 99843-1917,Giovanna e Eliane Pizzaria
Mariane e Diogo Ferragens Ltda,05501245000116,0761289900154,26/09/2019,www.marianeediogoferragensltda.com.br,contabilidade@marianeediogoferragensltda.com.br,72548-243,Quadra CL 418 Bloco C,734,Santa Maria,Brasília,DF,(61) 3623-1394,(61) 98497-2198,Mariane Ferragens
Rafael e Isis Telas ME,97711482000120,12504829,22/04/2019,www.rafaeleisistelasme.com.br,orcamento@rafaeleisistelasme.com.br,26415-350,Rua Ponciano Gomes,707,Parque Guandu,Japeri,RJ,(21) 3605-8747,(21) 99903-3267,Rafael e Isis
Mariah e Bryan Vidros ME,28728838000115,33921578,25/03/2019,www.mariahebryanvidrosme.com.br,ti@mariahebryanvidrosme.com.br,22785-330,Estrada da Grota Funda,506,Vargem Grande,Rio de Janeiro,RJ,(21) 2561-5102,(21) 99206-2761,Mariah e Bryan
Sônia e Alícia Telecom Ltda,89530798000197,11643965,25/08/2019,www.soniaealiciatelecomltda.com.br,diretoria@soniaealiciatelecomltda.com.br,26083-455,Rua Manoel Fernandes,774,Rodilândia,Nova Iguaçu,RJ,(21) 3637-6654,(21) 98515-9388,Sônia e Alícia
Augusto e Benedito Padaria ME,09824814000115,89072808,07/06/2019,www.augustoebeneditopadariame.com.br,representantes@augustoebeneditopadariame.com.br,21010-721,Rua da Paz,520,Parada de Lucas,Rio de Janeiro,RJ,(21) 2578-7102,(21) 99661-8752,Augusto e Benedito Padaria
Tereza e Luiz Pizzaria Delivery ME,14245150000170,0753997200168,24/11/2019,www.terezaeluizpizzariadeliveryme.com.br,financeiro@terezaeluizpizzariadeliveryme.com.br,72333-005,Quadra QR 617 Conjunto 5,472,Samambaia Norte (Samambaia),Brasília,DF,(61) 3740-1601,(61) 99650-4549,Tereza e Luiz Pizzaria Delivery
Pedro e Fernando Gráfica ME,10339806000162,0764471200183,12/03/2019,www.pedroefernandograficame.com.br,fiscal@pedroefernandograficame.com.br,72322-815,Quadra QI 616 Conjunto E,344,Samambaia Norte (Samambaia),Brasília,DF,(61) 3682-8703,(61) 98148-0139,Pedro Gráfica
Tomás e Bruna Fotografias Ltda,75136559000142,0758060400192,07/04/2019,www.tomasebrunafotografiasltda.com.br,auditoria@tomasebrunafotografiasltda.com.br,71884-246,Quadra QS 6 Conjunto 3,489,Riacho Fundo II,Brasília,DF,(61) 2590-8985,(61) 98188-5576,Tomás e Bruna Fotografias
Ian e Alexandre Contábil ME,12709396000120,209287144,14/06/2019,www.ianealexandrecontabilme.com.br,pesquisa@ianealexandrecontabilme.com.br,75806-048,Rua 05,820,Santo Antônio,Jataí,GO,(64) 3618-2507,(64) 99244-2131,Ian e Alexandre
Pietra e Márcio Contábil ME,54297247000140,70030055,06/12/2019,www.pietraemarciocontabilme.com.br,ouvidoria@pietraemarciocontabilme.com.br,26551-270,Rua Nilza Gurgel,743,Vila Emil,Mesquita,RJ,(21) 3987-9335,(21) 98336-1795,Pietra e Márcio
Alana e Samuel Financeira ME,75466230000140,0766472800199,06/12/2019,www.alanaesamuelfinanceirame.com.br,financeiro@alanaesamuelfinanceirame.com.br,71261-110,Quadra Quadra 2 Conjunto 2,965,Setor Leste (Vila Estrutural - Guará),Brasília,DF,(61) 3510-9724,(61) 98330-9571,Alana e Samuel Financeira
Isabelle e Antonio Transportes ME,85524683000139,209203722,20/05/2019,www.isabelleeantoniotransportesme.com.br,pesquisa@isabelleeantoniotransportesme.com.br,72853-271,Quadra Quadra 271,510,Parque Estrela Dalva IX,Luziânia,GO,(61) 3741-1432,(61) 98949-1097,Isabelle e Antonio
Tomás e Aline Corretores Associados ME,24226869000117,0731376600106,14/10/2019,www.tomasealinecorretoresassociadosme.com.br,almoxarifado@tomasealinecorretoresassociadosme.com.br,72316-216,Quadra QR 210 Conjunto 15,842,Samambaia Norte (Samambaia),Brasília,DF,(61) 3929-6909,(61) 98784-8690,Tomás e Aline
Matheus e Thales Pães e Doces Ltda,45536266000191,28292007,26/07/2019,www.matheusethalespaesedocesltda.com.br,contabilidade@matheusethalespaesedocesltda.com.br,24925-440,Rua Três,170,Bananal (Ponta Negra),Maricá,RJ,(21) 2554-8409,(21) 98373-2160,Matheus e Thales
Lara e Ana Contábil Ltda,67389337000103,56690700,02/08/2019,www.laraeanacontabilltda.com.br,contato@laraeanacontabilltda.com.br,23075-090,Praça Helton Veloso Filho,722,Campo Grande,Rio de Janeiro,RJ,(21) 2636-5410,(21) 98953-7855,Lara e Ana Contábil
Antônia e Sarah Fotografias ME,77053358000107,100973094,10/10/2019,www.antoniaesarahfotografiasme.com.br,rh@antoniaesarahfotografiasme.com.br,72859-224,Quadra Quadra 224,612,Mansões de Recreio Estrela Dalva VIII,Luziânia,GO,(61) 3502-6459,(61) 99228-4540,Antônia Fotografias
João e Yasmin Marketing Ltda,10225125000173,119669404,07/08/2019,www.joaoeyasminmarketingltda.com.br,faleconosco@joaoeyasminmarketingltda.com.br,74966-686,Rua Dom Pedro I,714,Jardim Riviera,Aparecida de Goiânia,GO,(62) 2686-3688,(62) 99347-6140,João e Yasmin
Elias e Liz Casa Noturna ME,61667386000184,154527726,03/04/2019,www.eliaselizcasanoturname.com.br,producao@eliaselizcasanoturname.com.br,73809-010,Avenida Flamboyant,813,Residencial Jardim Planalto,Formosa,GO,(61) 2984-0868,(61) 99922-7380,Elias e Liz Casa Noturna
Renata e César Filmagens Ltda,99594618000194,83667001,27/09/2019,www.renataecesarfilmagensltda.com.br,seguranca@renataecesarfilmagensltda.com.br,25231-120,Rua Aníbal Benévolo,607,Chácaras Rio-Petrópolis,Duque de Caxias,RJ,(21) 2905-4127,(21) 98737-1465,Renata e César Filmagens
Henry e Rita Limpeza Ltda,93128110000114,15611014,04/04/2019,www.henryeritalimpezaltda.com.br,contabil@henryeritalimpezaltda.com.br,24350-410,Rua Hermes da Matta Barcellos,114,Piratininga,Niterói,RJ,(21) 2934-2853,(21) 98928-6438,Henry Limpeza
Raul e Ayla Esportes ME,59865158000177,156791498,17/01/2019,www.rauleaylaesportesme.com.br,administracao@rauleaylaesportesme.com.br,72810-070,Travessa Alagados,565,Diogo Machado de Araújo,Luziânia,GO,(61) 3610-1244,(61) 99797-0876,Raul e Ayla Esportes
Tereza e Maria Publicidade e Propaganda ME,17435359000194,155389653,16/06/2019,www.terezaemariapublicidadeepropagandame.com.br,marketing@terezaemariapublicidadeepropagandame.com.br,74815-445,Rua 12-A,219,Vila São João,Goiânia,GO,(62) 2534-3979,(62) 99526-8006,Tereza e Maria Publicidade
Malu e Levi Construções ME,78856044000105,114874867,18/06/2019,www.malueleviconstrucoesme.com.br,qualidade@malueleviconstrucoesme.com.br,74989-170,Avenida Duarte Sabino,934,Rosa dos Ventos,Aparecida de Goiânia,GO,(62) 3557-1223,(62) 99610-3729,Malu e Levi Construções
Isadora e Sophia Pizzaria Ltda,22020522000198,0732402800110,22/02/2019,www.isadoraesophiapizzarialtda.com.br,sistema@isadoraesophiapizzarialtda.com.br,71692-360,Quadra Quadra 104 Conjunto 12,973,Setor Residencial Oeste (São Sebastião),Brasília,DF,(61) 2563-1220,(61) 99761-0913,Isadora e Sophia Pizzaria
Pedro e Valentina Entregas Expressas Ltda,35768763000161,105231452,26/01/2019,www.pedroevalentinaentregasexpressasltda.com.br,representantes@pedroevalentinaentregasexpressasltda.com.br,74375-670,Rua do Ouro,624,Parque Oeste Industrial,Goiânia,GO,(62) 3940-7532,(62) 98801-3676,Pedro e Valentina Entregas
Andrea e Isadora Lavanderia ME,02703047000147,57225599,14/09/2019,www.andreaeisadoralavanderiame.com.br,qualidade@andreaeisadoralavanderiame.com.br,26123-060,Rua Margem Esquerda,340,Heliópolis,Belford Roxo,RJ,(21) 3800-0021,(21) 99449-5678,Andrea Lavanderia
Heloisa e Francisco Limpeza ME,59336535000180,153680318,12/10/2019,www.heloisaefranciscolimpezame.com.br,marketing@heloisaefranciscolimpezame.com.br,74890-080,Rua 2 Unidade 301,291,Parque Atheneu,Goiânia,GO,(62) 3954-4554,(62) 99112-6028,Heloisa e Francisco Limpeza
Vera e Bruna Assessoria Jurídica Ltda,78502232000135,57094885,04/06/2019,www.veraebrunaassessoriajuridicaltda.com.br,ouvidoria@veraebrunaassessoriajuridicaltda.com.br,25525-531,Rua Doutor Belisário Pena,838,Tomazinho,São João de Meriti,RJ,(21) 2751-3530,(21) 99271-1093,Vera e Bruna Assessoria
Isabel e Renato Locações de Automóveis ME,62953179000159,203991044,20/03/2019,www.isabelerenatolocacoesdeautomoveisme.com.br,seguranca@isabelerenatolocacoesdeautomoveisme.com.br,72921-527,Quadra Quadra 3,740,Jardim América VI,Águas Lindas de Goiás,GO,(61) 3806-3088,(61) 99502-3905,Isabel Automóveis
Enrico e Sophia Informática ME,93856210000167,115251014,22/01/2019,www.enricoesophiainformaticame.com.br,orcamento@enricoesophiainformaticame.com.br,74455-363,Viela A,514,Residencial Jardim Leblon,Goiânia,GO,(62) 3980-8378,(62) 99357-5800,Enrico Informática
Kauê e Yuri Transportes Ltda,02455008000178,40419810,22/07/2019,www.kaueeyuritransportesltda.com.br,desenvolvimento@kaueeyuritransportesltda.com.br,28894-514,Rua Maria Pires,634,Nova Cidade,Rio das Ostras,RJ,(22) 3764-5262,(22) 99748-3191,Kauê Transportes
Emanuelly e Theo Corretores Associados ME,35956281000135,152408932,25/07/2019,www.emanuellyetheocorretoresassociadosme.com.br,compras@emanuellyetheocorretoresassociadosme.com.br,74921-317,Rua X 22,950,Setor Tocantins,Aparecida de Goiânia,GO,(62) 3598-2702,(62) 99638-3233,Emanuelly e Theo Corretores
Elias e Malu Alimentos ME,46921984000144,208867406,19/07/2019,www.eliasemalualimentosme.com.br,contato@eliasemalualimentosme.com.br,74083-280,Rua 102C,872,Setor Sul,Goiânia,GO,(62) 3669-7222,(62) 99113-4231,Elias e Malu Alimentos
